{
  "Total" : {
    "transaction" : "Total",
    "sampleCount" : 100,
    "errorCount" : 0,
    "errorPct" : 0.0,
    "meanResTime" : 251.67,
    "medianResTime" : 249.0,
    "minResTime" : 239.0,
    "maxResTime" : 308.0,
    "pct1ResTime" : 262.9,
    "pct2ResTime" : 282.5999999999999,
    "pct3ResTime" : 307.77999999999986,
    "throughput" : 9.859988168014198,
    "receivedKBytesPerSec" : 8.487678096036285,
    "sentKBytesPerSec" : 4.631883504239795
  },
  "Update User Payload" : {
    "transaction" : "Update User Payload",
    "sampleCount" : 100,
    "errorCount" : 0,
    "errorPct" : 0.0,
    "meanResTime" : 251.67,
    "medianResTime" : 249.0,
    "minResTime" : 239.0,
    "maxResTime" : 308.0,
    "pct1ResTime" : 262.9,
    "pct2ResTime" : 282.5999999999999,
    "pct3ResTime" : 307.77999999999986,
    "throughput" : 9.859988168014198,
    "receivedKBytesPerSec" : 8.487678096036285,
    "sentKBytesPerSec" : 4.631883504239795
  }
}