{
  "Total" : {
    "transaction" : "Total",
    "sampleCount" : 100,
    "errorCount" : 0,
    "errorPct" : 0.0,
    "meanResTime" : 176.76999999999995,
    "medianResTime" : 175.0,
    "minResTime" : 172.0,
    "maxResTime" : 250.0,
    "pct1ResTime" : 181.0,
    "pct2ResTime" : 182.0,
    "pct3ResTime" : 249.3999999999997,
    "throughput" : 9.920634920634921,
    "receivedKBytesPerSec" : 18.76588851686508,
    "sentKBytesPerSec" : 1.2303912450396826
  },
  "Get List of Users Request" : {
    "transaction" : "Get List of Users Request",
    "sampleCount" : 100,
    "errorCount" : 0,
    "errorPct" : 0.0,
    "meanResTime" : 176.76999999999995,
    "medianResTime" : 175.0,
    "minResTime" : 172.0,
    "maxResTime" : 250.0,
    "pct1ResTime" : 181.0,
    "pct2ResTime" : 182.0,
    "pct3ResTime" : 249.3999999999997,
    "throughput" : 9.920634920634921,
    "receivedKBytesPerSec" : 18.76588851686508,
    "sentKBytesPerSec" : 1.2303912450396826
  }
}