{
  "Total" : {
    "transaction" : "Total",
    "sampleCount" : 100,
    "errorCount" : 0,
    "errorPct" : 0.0,
    "meanResTime" : 262.50000000000006,
    "medianResTime" : 264.5,
    "minResTime" : 239.0,
    "maxResTime" : 337.0,
    "pct1ResTime" : 278.8,
    "pct2ResTime" : 284.95,
    "pct3ResTime" : 336.5799999999998,
    "throughput" : 9.830908375933936,
    "receivedKBytesPerSec" : 8.598300635322452,
    "sentKBytesPerSec" : 2.6839147906016514
  },
  "Create User Request with JSON Body" : {
    "transaction" : "Create User Request with JSON Body",
    "sampleCount" : 100,
    "errorCount" : 0,
    "errorPct" : 0.0,
    "meanResTime" : 262.50000000000006,
    "medianResTime" : 264.5,
    "minResTime" : 239.0,
    "maxResTime" : 337.0,
    "pct1ResTime" : 278.8,
    "pct2ResTime" : 284.95,
    "pct3ResTime" : 336.5799999999998,
    "throughput" : 9.830908375933936,
    "receivedKBytesPerSec" : 8.598300635322452,
    "sentKBytesPerSec" : 2.6839147906016514
  }
}