{
  "login request-1" : {
    "transaction" : "login request-1",
    "sampleCount" : 500,
    "errorCount" : 0,
    "errorPct" : 0.0,
    "meanResTime" : 331.7920000000001,
    "medianResTime" : 275.0,
    "minResTime" : 253.0,
    "maxResTime" : 23165.0,
    "pct1ResTime" : 325.90000000000003,
    "pct2ResTime" : 341.95,
    "pct3ResTime" : 419.99,
    "throughput" : 21.184645369036524,
    "receivedKBytesPerSec" : 68.27455366600287,
    "sentKBytesPerSec" : 2.4618874989407677
  },
  "login request-0" : {
    "transaction" : "login request-0",
    "sampleCount" : 500,
    "errorCount" : 0,
    "errorPct" : 0.0,
    "meanResTime" : 372.28000000000003,
    "medianResTime" : 274.0,
    "minResTime" : 255.0,
    "maxResTime" : 23151.0,
    "pct1ResTime" : 319.0,
    "pct2ResTime" : 333.0,
    "pct3ResTime" : 368.8900000000001,
    "throughput" : 21.138967572823745,
    "receivedKBytesPerSec" : 13.709446211897012,
    "sentKBytesPerSec" : 4.562218587494187
  },
  "login request" : {
    "transaction" : "login request",
    "sampleCount" : 500,
    "errorCount" : 0,
    "errorPct" : 0.0,
    "meanResTime" : 704.3860000000003,
    "medianResTime" : 557.0,
    "minResTime" : 518.0,
    "maxResTime" : 23510.0,
    "pct1ResTime" : 627.9000000000001,
    "pct2ResTime" : 646.95,
    "pct3ResTime" : 788.6900000000003,
    "throughput" : 20.864630278751463,
    "receivedKBytesPerSec" : 80.77472654293942,
    "sentKBytesPerSec" : 6.927709272241696
  },
  "Total" : {
    "transaction" : "Total",
    "sampleCount" : 1500,
    "errorCount" : 0,
    "errorPct" : 0.0,
    "meanResTime" : 469.48600000000016,
    "medianResTime" : 296.0,
    "minResTime" : 253.0,
    "maxResTime" : 23510.0,
    "pct1ResTime" : 588.0,
    "pct2ResTime" : 614.95,
    "pct3ResTime" : 672.99,
    "throughput" : 62.59389083625438,
    "receivedKBytesPerSec" : 161.54945308587884,
    "sentKBytesPerSec" : 13.855418544483392
  }
}