{
  " Login Request" : {
    "transaction" : " Login Request",
    "sampleCount" : 5,
    "errorCount" : 5,
    "errorPct" : 100.0,
    "meanResTime" : 137.4,
    "medianResTime" : 137.0,
    "minResTime" : 135.0,
    "maxResTime" : 140.0,
    "pct1ResTime" : 140.0,
    "pct2ResTime" : 140.0,
    "pct3ResTime" : 140.0,
    "throughput" : 0.6144015728680265,
    "receivedKBytesPerSec" : 1.977245061747358,
    "sentKBytesPerSec" : 0.09840025190464488
  },
  "Total" : {
    "transaction" : "Total",
    "sampleCount" : 5,
    "errorCount" : 5,
    "errorPct" : 100.0,
    "meanResTime" : 137.4,
    "medianResTime" : 137.0,
    "minResTime" : 135.0,
    "maxResTime" : 140.0,
    "pct1ResTime" : 140.0,
    "pct2ResTime" : 140.0,
    "pct3ResTime" : 140.0,
    "throughput" : 0.6144015728680265,
    "receivedKBytesPerSec" : 1.977245061747358,
    "sentKBytesPerSec" : 0.09840025190464488
  }
}