{
  "Get User Request with Basic Auth" : {
    "transaction" : "Get User Request with Basic Auth",
    "sampleCount" : 200,
    "errorCount" : 0,
    "errorPct" : 0.0,
    "meanResTime" : 305.66,
    "medianResTime" : 189.0,
    "minResTime" : 173.0,
    "maxResTime" : 2089.0,
    "pct1ResTime" : 460.9,
    "pct2ResTime" : 1340.2499999999986,
    "pct3ResTime" : 2003.7000000000003,
    "throughput" : 0.03882027513093594,
    "receivedKBytesPerSec" : 0.07181750899223148,
    "sentKBytesPerSec" : 0.012304207516109928
  },
  "Total" : {
    "transaction" : "Total",
    "sampleCount" : 200,
    "errorCount" : 0,
    "errorPct" : 0.0,
    "meanResTime" : 305.66,
    "medianResTime" : 189.0,
    "minResTime" : 173.0,
    "maxResTime" : 2089.0,
    "pct1ResTime" : 460.9,
    "pct2ResTime" : 1340.2499999999986,
    "pct3ResTime" : 2003.7000000000003,
    "throughput" : 0.03882027513093594,
    "receivedKBytesPerSec" : 0.07181750899223148,
    "sentKBytesPerSec" : 0.012304207516109928
  }
}