{
  "login request-1" : {
    "transaction" : "login request-1",
    "sampleCount" : 2000,
    "errorCount" : 0,
    "errorPct" : 0.0,
    "meanResTime" : 323.12400000000014,
    "medianResTime" : 275.0,
    "minResTime" : 251.0,
    "maxResTime" : 30149.0,
    "pct1ResTime" : 362.0,
    "pct2ResTime" : 430.9499999999998,
    "pct3ResTime" : 627.99,
    "throughput" : 50.85306008289049,
    "receivedKBytesPerSec" : 163.83604496681838,
    "sentKBytesPerSec" : 5.909681786976531
  },
  "login request-0" : {
    "transaction" : "login request-0",
    "sampleCount" : 2000,
    "errorCount" : 0,
    "errorPct" : 0.0,
    "meanResTime" : 301.4490000000005,
    "medianResTime" : 274.0,
    "minResTime" : 250.0,
    "maxResTime" : 8528.0,
    "pct1ResTime" : 363.0,
    "pct2ResTime" : 425.0,
    "pct3ResTime" : 605.97,
    "throughput" : 66.05019815059445,
    "receivedKBytesPerSec" : 42.76924486046895,
    "sentKBytesPerSec" : 17.551937128467635
  },
  "login request" : {
    "transaction" : "login request",
    "sampleCount" : 2000,
    "errorCount" : 0,
    "errorPct" : 0.0,
    "meanResTime" : 624.811500000001,
    "medianResTime" : 552.0,
    "minResTime" : 508.0,
    "maxResTime" : 30441.0,
    "pct1ResTime" : 729.8000000000002,
    "pct2ResTime" : 862.9499999999998,
    "pct3ResTime" : 1162.98,
    "throughput" : 50.02501250625313,
    "receivedKBytesPerSec" : 193.56079406890947,
    "sentKBytesPerSec" : 19.106916739619813
  },
  "Total" : {
    "transaction" : "Total",
    "sampleCount" : 6000,
    "errorCount" : 0,
    "errorPct" : 0.0,
    "meanResTime" : 416.4615,
    "medianResTime" : 296.0,
    "minResTime" : 250.0,
    "maxResTime" : 30441.0,
    "pct1ResTime" : 582.0,
    "pct2ResTime" : 679.0,
    "pct3ResTime" : 995.9899999999998,
    "throughput" : 150.0750375187594,
    "receivedKBytesPerSec" : 387.12158813781895,
    "sentKBytesPerSec" : 38.213833479239625
  }
}