{
  "login request-1" : {
    "transaction" : "login request-1",
    "sampleCount" : 2000,
    "errorCount" : 1,
    "errorPct" : 0.05,
    "meanResTime" : 450.33399999999983,
    "medianResTime" : 359.0,
    "minResTime" : 249.0,
    "maxResTime" : 27472.0,
    "pct1ResTime" : 686.9000000000001,
    "pct2ResTime" : 842.0,
    "pct3ResTime" : 1596.870000000001,
    "throughput" : 66.58232904987015,
    "receivedKBytesPerSec" : 214.57703055296625,
    "sentKBytesPerSec" : 7.733726082378986
  },
  "login request-0" : {
    "transaction" : "login request-0",
    "sampleCount" : 2000,
    "errorCount" : 0,
    "errorPct" : 0.0,
    "meanResTime" : 459.3165000000005,
    "medianResTime" : 360.0,
    "minResTime" : 250.0,
    "maxResTime" : 27672.0,
    "pct1ResTime" : 684.9000000000001,
    "pct2ResTime" : 851.7499999999991,
    "pct3ResTime" : 1540.95,
    "throughput" : 66.13756613756614,
    "receivedKBytesPerSec" : 42.95079468419313,
    "sentKBytesPerSec" : 17.56914734209656
  },
  "login request" : {
    "transaction" : "login request",
    "sampleCount" : 2000,
    "errorCount" : 1,
    "errorPct" : 0.05,
    "meanResTime" : 909.882500000001,
    "medianResTime" : 727.0,
    "minResTime" : 503.0,
    "maxResTime" : 27934.0,
    "pct1ResTime" : 1382.0,
    "pct2ResTime" : 1640.2499999999973,
    "pct3ResTime" : 2325.82,
    "throughput" : 65.57592052198433,
    "receivedKBytesPerSec" : 253.9196981868258,
    "sentKBytesPerSec" : 25.036777589019312
  },
  "Total" : {
    "transaction" : "Total",
    "sampleCount" : 6000,
    "errorCount" : 2,
    "errorPct" : 0.033333335,
    "meanResTime" : 606.5110000000006,
    "medianResTime" : 509.0,
    "minResTime" : 249.0,
    "maxResTime" : 27934.0,
    "pct1ResTime" : 1066.0,
    "pct2ResTime" : 1334.9499999999998,
    "pct3ResTime" : 1971.949999999999,
    "throughput" : 196.727761565953,
    "receivedKBytesPerSec" : 507.8393963736516,
    "sentKBytesPerSec" : 50.073555178038625
  }
}